{
  "collapse-filter": false,
  "search": "tag:elixir",
  "showTags": false,
  "showAttachments": false,
  "hideUnresolved": false,
  "showOrphans": true,
  "collapse-color-groups": false,
  "colorGroups": [
    {
      "query": "tag:defi",
      "color": {
        "a": 1,
        "rgb": 14701138
      }
    },
    {
      "query": "tag:zettelkasten",
      "color": {
        "a": 1,
        "rgb": 9253980
      }
    }
  ],
  "collapse-display": false,
  "showArrow": true,
  "textFadeMultiplier": 0,
  "nodeSizeMultiplier": 1.57662162162162,
  "lineSizeMultiplier": 1,
  "collapse-forces": false,
  "centerStrength": 0.25777027027027,
  "repelStrength": 10,
  "linkStrength": 1,
  "linkDistance": 250,
  "scale": 1.188541536072897,
  "close": false
}