{
  "app:toggle-left-sidebar": [
    {
      "modifiers": [
        "Mod",
        "Shift"
      ],
      "key": "E"
    }
  ],
  "workspace:close-others": [
    {
      "modifiers": [
        "Alt",
        "Mod"
      ],
      "key": "T"
    }
  ],
  "workspace:copy-path": [
    {
      "modifiers": [
        "Alt",
        "Mod"
      ],
      "key": "C"
    }
  ],
  "editor:focus-top": [
    {
      "modifiers": [
        "Ctrl",
        "Mod"
      ],
      "key": "ArrowUp"
    }
  ],
  "editor:focus-bottom": [
    {
      "modifiers": [
        "Mod",
        "Shift"
      ],
      "key": "ArrowDown"
    }
  ],
  "editor:focus-left": [
    {
      "modifiers": [
        "Ctrl",
        "Mod"
      ],
      "key": "ArrowLeft"
    }
  ],
  "editor:focus-right": [
    {
      "modifiers": [
        "Ctrl",
        "Mod"
      ],
      "key": "ArrowRight"
    }
  ],
  "editor:fold-all": [
    {
      "modifiers": [
        "Alt",
        "Mod"
      ],
      "key": "["
    }
  ],
  "graph:open-local": [
    {
      "modifiers": [
        "Alt",
        "Mod"
      ],
      "key": "G"
    }
  ],
  "app:toggle-right-sidebar": [
    {
      "modifiers": [
        "Mod"
      ],
      "key": "J"
    }
  ],
  "editor:unfold-all": [
    {
      "modifiers": [
        "Alt",
        "Mod"
      ],
      "key": "]"
    }
  ],
  "open-with-default-app:show": [
    {
      "modifiers": [
        "Alt",
        "Mod"
      ],
      "key": "R"
    }
  ],
  "outline:open": [
    {
      "modifiers": [
        "Mod",
        "Shift"
      ],
      "key": "O"
    }
  ]
}